account_id,user_id,account_type,currency,balance,opening_date,is_active
1,51,merchant,XOF,272232.93,2024-11-09,False
2,184,principal,XOF,199069.82,2024-02-28,True
3,63,salary,XOF,45836.71,2024-05-04,True
4,328,principal,XOF,25289.26,2024-10-17,True
5,65,savings,XOF,34305.08,2024-12-25,True
6,107,savings,XOF,406526.49,2025-03-27,True
7,397,savings,XOF,394321.88,2025-03-07,True
8,142,savings,XOF,493763.65,2024-06-22,True
9,409,savings,XOF,54963.17,2025-01-02,True
10,68,principal,XOF,179121.14,2025-02-17,True
11,302,merchant,XOF,7890.54,2024-12-15,True
12,65,salary,XOF,263042.76,2024-12-09,True
13,244,salary,XOF,389008.52,2024-07-15,True
14,56,salary,XOF,251919.34,2024-03-28,False
15,23,merchant,XOF,229021.26,2025-02-09,False
16,32,salary,XOF,423649.27,2024-07-19,True
17,56,salary,XOF,356200.66,2024-10-06,True
18,461,principal,XOF,161055.91,2024-02-09,True
19,65,merchant,XOF,312158.75,2025-03-03,True
20,365,merchant,XOF,190452.2,2024-10-24,True
21,151,salary,XOF,252775.54,2025-01-30,True
22,407,principal,XOF,426396.37,2025-01-18,True
23,394,savings,XOF,215034.97,2025-01-22,True
24,212,merchant,XOF,413709.61,2024-06-29,True
25,374,principal,XOF,156274.17,2024-05-25,True
26,131,merchant,XOF,476796.26,2024-08-27,True
27,243,principal,XOF,45612.39,2024-08-15,True
28,222,principal,XOF,372294.48,2024-09-28,True
29,67,principal,XOF,293232.54,2024-08-17,True
30,169,principal,XOF,205404.32,2024-09-29,True
31,482,salary,XOF,434046.07,2024-05-29,True
32,496,merchant,XOF,300205.05,2024-12-16,True
33,296,savings,XOF,77365.09,2024-06-28,True
34,434,principal,XOF,175057.0,2024-10-04,True
35,59,merchant,XOF,287050.0,2024-07-28,True
36,433,principal,XOF,304497.46,2024-12-20,True
37,356,merchant,XOF,14476.59,2024-05-07,True
38,391,merchant,XOF,460768.76,2025-03-03,True
39,93,savings,XOF,283160.55,2025-01-30,True
40,73,principal,XOF,45878.84,2024-02-19,True
41,193,salary,XOF,226822.9,2025-03-20,True
42,160,merchant,XOF,388417.81,2024-09-10,True
43,44,principal,XOF,77789.95,2024-04-26,True
44,26,principal,XOF,136051.42,2024-05-20,True
45,249,salary,XOF,207091.87,2024-07-23,True
46,263,principal,XOF,172586.43,2024-07-14,True
47,348,salary,XOF,263467.05,2024-03-18,True
48,113,salary,XOF,492222.83,2024-06-19,True
49,105,merchant,XOF,472662.04,2025-02-12,True
50,392,merchant,XOF,144723.57,2024-04-26,True
51,255,salary,XOF,87847.4,2024-10-13,True
52,361,savings,XOF,250131.17,2024-03-29,True
53,413,merchant,XOF,36037.75,2024-05-04,True
54,22,salary,XOF,9370.77,2025-01-13,False
55,442,merchant,XOF,287879.58,2024-09-04,True
56,364,salary,XOF,144757.6,2024-05-31,True
57,495,merchant,XOF,85936.59,2024-11-24,False
58,236,merchant,XOF,44064.94,2024-04-25,True
59,125,salary,XOF,294435.64,2024-03-15,True
60,203,merchant,XOF,372902.41,2024-04-15,True
61,399,savings,XOF,38189.69,2025-03-06,True
62,272,savings,XOF,452961.37,2025-03-07,True
63,373,savings,XOF,118134.42,2024-07-29,True
64,102,savings,XOF,301199.49,2024-12-06,True
65,336,principal,XOF,88573.06,2024-06-02,True
66,253,salary,XOF,377222.91,2025-03-24,True
67,230,merchant,XOF,432123.44,2024-09-09,True
68,78,salary,XOF,34143.13,2024-11-12,True
69,156,merchant,XOF,295709.88,2024-01-18,True
70,38,merchant,XOF,230871.24,2024-10-06,True
71,189,merchant,XOF,38365.5,2024-12-13,True
72,438,principal,XOF,307504.19,2024-12-30,True
73,237,principal,XOF,224866.85,2024-11-30,True
74,334,savings,XOF,160763.38,2024-03-07,True
75,78,principal,XOF,225261.55,2024-05-30,True
76,429,merchant,XOF,491192.79,2024-03-20,True
77,331,savings,XOF,19571.06,2024-11-03,True
78,225,savings,XOF,181948.98,2024-10-06,False
79,199,salary,XOF,387232.39,2024-10-27,True
80,27,merchant,XOF,32955.93,2024-01-29,True
81,348,salary,XOF,142073.49,2024-08-12,True
82,337,savings,XOF,166681.02,2024-10-04,True
83,73,merchant,XOF,155115.87,2025-01-20,True
84,340,salary,XOF,64475.83,2024-08-18,True
85,44,merchant,XOF,279461.04,2024-07-02,True
86,169,savings,XOF,335058.2,2024-06-10,True
87,379,principal,XOF,323012.41,2025-02-14,True
88,186,principal,XOF,181298.83,2024-10-07,True
89,110,merchant,XOF,473834.13,2024-12-22,True
90,116,savings,XOF,77472.59,2024-03-09,True
91,404,principal,XOF,253844.86,2024-03-09,True
92,379,principal,XOF,330964.62,2025-01-26,True
93,317,savings,XOF,298623.22,2024-05-20,True
94,93,savings,XOF,360591.5,2025-02-04,True
95,187,savings,XOF,484794.3,2025-02-09,True
96,386,salary,XOF,117001.47,2025-02-28,True
97,495,salary,XOF,451987.17,2024-07-21,True
98,348,salary,XOF,230839.99,2024-08-23,True
99,196,salary,XOF,483134.08,2024-11-01,True
100,411,savings,XOF,436500.96,2024-06-29,True
101,247,merchant,XOF,277270.37,2024-02-07,True
102,434,principal,XOF,142531.51,2024-06-12,True
103,140,salary,XOF,452653.1,2024-02-01,True
104,224,principal,XOF,473206.63,2025-03-01,True
105,231,merchant,XOF,465235.96,2025-03-08,True
106,203,merchant,XOF,117889.04,2024-01-09,False
107,192,savings,XOF,14093.77,2024-02-25,False
108,430,merchant,XOF,395690.32,2024-01-07,True
109,147,salary,XOF,348035.99,2024-12-04,True
110,362,salary,XOF,224300.74,2024-10-10,True
111,41,principal,XOF,127961.96,2025-03-25,True
112,281,salary,XOF,55593.43,2025-02-07,True
113,155,principal,XOF,23874.72,2024-03-11,True
114,407,salary,XOF,31403.58,2024-06-12,True
115,256,principal,XOF,315977.47,2024-07-25,True
116,368,savings,XOF,145635.99,2024-03-29,True
117,181,savings,XOF,285331.86,2024-09-23,True
118,343,principal,XOF,261742.28,2025-01-24,True
119,489,principal,XOF,195226.87,2024-12-11,True
120,326,salary,XOF,490519.71,2024-01-04,True
121,9,merchant,XOF,394260.01,2025-03-25,True
122,376,principal,XOF,385750.69,2024-03-10,True
123,171,savings,XOF,22167.84,2024-07-26,True
124,417,savings,XOF,415191.83,2024-02-16,True
125,357,salary,XOF,315867.92,2024-04-16,True
126,33,salary,XOF,18491.9,2024-02-06,True
127,406,savings,XOF,442895.19,2024-04-30,True
128,159,salary,XOF,494561.35,2024-12-13,True
129,130,principal,XOF,376645.46,2024-04-29,True
130,183,principal,XOF,432899.14,2024-03-27,True
131,64,merchant,XOF,218475.69,2024-05-24,True
132,226,salary,XOF,169518.31,2024-07-30,True
133,355,salary,XOF,183673.46,2024-08-17,True
134,137,principal,XOF,363540.66,2025-03-24,True
135,309,savings,XOF,272737.2,2025-03-05,True
136,41,merchant,XOF,330459.61,2024-07-23,True
137,309,salary,XOF,83322.39,2024-05-17,True
138,229,principal,XOF,363407.2,2024-06-08,False
139,315,salary,XOF,137277.68,2024-03-03,False
140,486,principal,XOF,37520.58,2024-07-20,True
141,187,savings,XOF,476394.7,2024-05-16,True
142,312,salary,XOF,17399.48,2025-03-20,True
143,399,merchant,XOF,181075.29,2024-03-12,False
144,17,savings,XOF,339531.03,2024-12-23,False
145,191,salary,XOF,381542.24,2024-09-17,True
146,272,merchant,XOF,199017.02,2024-01-08,True
147,128,principal,XOF,12956.67,2024-01-17,True
148,266,salary,XOF,456771.25,2024-11-02,True
149,397,merchant,XOF,352018.91,2024-06-19,True
150,314,merchant,XOF,346990.32,2024-01-11,False
151,103,principal,XOF,67864.21,2025-03-02,True
152,89,salary,XOF,498631.2,2025-02-11,True
153,496,merchant,XOF,333919.9,2024-04-19,True
154,282,merchant,XOF,445665.84,2024-12-20,True
155,365,savings,XOF,396848.19,2024-07-02,True
156,63,savings,XOF,396032.84,2024-10-31,True
157,253,principal,XOF,180448.26,2024-12-26,True
158,240,savings,XOF,305974.18,2024-11-17,True
159,159,salary,XOF,499797.52,2024-03-03,True
160,270,salary,XOF,384582.28,2024-04-08,True
161,38,savings,XOF,486189.87,2024-09-30,True
162,231,salary,XOF,340054.5,2024-11-21,True
163,450,savings,XOF,383890.82,2024-09-13,True
164,258,principal,XOF,415695.4,2025-01-19,True
165,156,savings,XOF,80983.48,2024-08-03,False
166,116,merchant,XOF,473741.57,2024-01-15,True
167,146,principal,XOF,125302.65,2025-03-17,True
168,283,merchant,XOF,62585.15,2025-02-13,True
169,274,principal,XOF,251286.57,2024-03-01,True
170,483,savings,XOF,85600.31,2025-02-19,True
171,462,merchant,XOF,421265.0,2024-03-21,True
172,423,principal,XOF,40611.43,2024-11-02,False
173,395,merchant,XOF,325564.99,2024-07-13,True
174,214,principal,XOF,249019.03,2024-05-13,True
175,149,merchant,XOF,241472.41,2025-02-09,True
176,351,salary,XOF,148716.94,2024-09-14,True
177,31,savings,XOF,219802.75,2024-10-04,True
178,105,merchant,XOF,303330.13,2024-09-08,True
179,368,merchant,XOF,367099.88,2024-06-26,True
180,500,salary,XOF,65383.08,2024-01-11,True
181,288,principal,XOF,159557.94,2025-02-18,True
182,137,salary,XOF,123959.44,2024-07-19,True
183,149,salary,XOF,432081.93,2025-02-03,True
184,493,savings,XOF,406738.92,2024-08-02,False
185,370,merchant,XOF,94917.05,2024-09-15,True
186,264,salary,XOF,249379.85,2024-01-23,True
187,12,principal,XOF,472616.4,2024-08-11,True
188,495,savings,XOF,107572.21,2025-01-07,True
189,26,merchant,XOF,247447.1,2024-06-13,True
190,335,salary,XOF,142874.19,2024-08-10,True
191,56,salary,XOF,66967.47,2024-04-10,True
192,188,salary,XOF,182968.68,2024-06-17,True
193,292,savings,XOF,181261.89,2025-03-13,True
194,198,salary,XOF,382202.06,2025-03-03,True
195,320,principal,XOF,64331.7,2024-01-26,True
196,192,merchant,XOF,278915.92,2024-12-10,True
197,74,savings,XOF,301231.48,2024-07-14,True
198,21,principal,XOF,19456.98,2024-03-22,True
199,412,salary,XOF,259666.36,2025-03-26,True
200,458,savings,XOF,163982.92,2024-11-19,True
201,84,salary,XOF,495307.87,2024-09-27,True
202,154,merchant,XOF,253657.49,2024-05-26,True
203,251,merchant,XOF,237446.3,2024-11-30,True
204,170,principal,XOF,489949.02,2024-06-13,True
205,408,principal,XOF,298454.81,2024-08-30,True
206,336,savings,XOF,360700.06,2025-02-06,True
207,88,salary,XOF,73887.85,2024-10-28,True
208,17,principal,XOF,95392.16,2024-03-26,True
209,215,savings,XOF,206480.05,2024-11-28,True
210,257,salary,XOF,436408.85,2024-09-06,True
211,32,savings,XOF,259341.61,2025-01-23,True
212,340,salary,XOF,262738.58,2024-05-26,True
213,89,salary,XOF,456062.08,2024-04-15,True
214,182,merchant,XOF,305038.29,2024-08-02,True
215,127,merchant,XOF,279043.33,2024-09-06,True
216,499,merchant,XOF,385587.13,2024-02-17,True
217,354,salary,XOF,158520.37,2024-11-24,True
218,479,merchant,XOF,143894.69,2024-11-04,True
219,279,salary,XOF,447880.23,2025-02-09,True
220,177,savings,XOF,145226.33,2024-12-29,True
221,366,principal,XOF,173181.76,2024-07-23,True
222,132,salary,XOF,106993.4,2025-02-25,True
223,139,merchant,XOF,68636.48,2024-12-28,True
224,301,savings,XOF,121229.02,2024-04-11,True
225,272,savings,XOF,318972.29,2024-01-27,True
226,212,merchant,XOF,358679.03,2024-09-13,True
227,395,savings,XOF,2590.72,2024-04-26,True
228,476,savings,XOF,203453.73,2024-02-26,False
229,450,salary,XOF,238724.26,2025-03-25,True
230,494,merchant,XOF,160583.85,2025-01-24,True
231,465,principal,XOF,326149.37,2024-12-07,True
232,379,principal,XOF,456614.86,2024-12-25,True
233,452,savings,XOF,466961.31,2024-11-18,True
234,429,salary,XOF,393980.31,2024-06-16,True
235,384,merchant,XOF,438371.58,2024-04-23,True
236,291,principal,XOF,464227.42,2024-10-11,True
237,233,salary,XOF,444629.98,2024-12-26,True
238,259,salary,XOF,136418.54,2024-06-07,True
239,170,savings,XOF,365559.62,2024-11-04,True
240,368,savings,XOF,7042.1,2024-06-26,True
241,152,savings,XOF,87747.46,2024-07-24,True
242,460,salary,XOF,413494.91,2025-03-23,True
243,45,salary,XOF,334627.93,2024-07-14,True
244,72,salary,XOF,161800.84,2024-06-04,True
245,134,salary,XOF,117760.63,2024-10-04,True
246,489,merchant,XOF,150972.92,2024-04-03,True
247,6,merchant,XOF,326841.68,2024-12-06,True
248,32,principal,XOF,232697.5,2024-05-01,True
249,352,merchant,XOF,345145.19,2024-08-04,True
250,482,merchant,XOF,183771.95,2025-03-21,True
251,491,savings,XOF,239090.95,2025-02-03,True
252,311,merchant,XOF,207922.81,2024-11-11,True
253,242,savings,XOF,380929.81,2025-03-01,True
254,306,principal,XOF,262753.33,2024-02-16,True
255,186,principal,XOF,458622.35,2024-02-28,True
256,425,savings,XOF,286350.84,2025-03-11,True
257,168,salary,XOF,58120.01,2024-04-18,True
258,299,salary,XOF,45470.82,2024-09-25,True
259,415,principal,XOF,226716.15,2025-03-19,True
260,234,principal,XOF,279398.6,2024-06-05,True
261,158,principal,XOF,197974.35,2024-07-23,True
262,382,savings,XOF,289155.63,2024-03-25,True
263,177,principal,XOF,270581.75,2024-11-04,True
264,458,principal,XOF,493068.62,2024-09-12,True
265,147,salary,XOF,89990.66,2024-05-28,True
266,329,salary,XOF,187230.46,2024-02-02,True
267,230,salary,XOF,187822.77,2024-03-26,True
268,339,savings,XOF,326767.05,2024-01-23,True
269,92,salary,XOF,264421.27,2024-12-16,True
270,115,principal,XOF,378089.71,2024-09-12,False
271,238,salary,XOF,265966.8,2024-02-03,True
272,127,salary,XOF,173079.87,2025-02-11,True
273,480,principal,XOF,16108.66,2024-07-16,True
274,315,principal,XOF,120333.15,2025-03-22,True
275,305,principal,XOF,223220.53,2024-05-06,True
276,447,principal,XOF,122367.08,2024-07-02,True
277,225,savings,XOF,269879.9,2024-04-01,True
278,398,principal,XOF,70067.79,2025-02-25,False
279,120,merchant,XOF,288737.41,2024-01-16,True
280,420,merchant,XOF,118452.02,2025-01-22,True
281,339,savings,XOF,206780.1,2024-11-21,True
282,286,savings,XOF,312996.57,2024-03-25,True
283,254,principal,XOF,486145.12,2024-01-09,False
284,344,salary,XOF,392902.3,2024-08-28,True
285,214,salary,XOF,74608.8,2024-09-08,True
286,387,salary,XOF,120484.09,2024-04-07,True
287,440,savings,XOF,402888.08,2024-05-03,False
288,288,salary,XOF,483893.09,2024-12-27,True
289,69,salary,XOF,121429.26,2024-11-17,True
290,332,principal,XOF,461113.05,2024-01-05,True
291,48,savings,XOF,25768.31,2024-10-09,True
292,310,principal,XOF,436810.23,2025-01-07,True
293,390,savings,XOF,239697.1,2024-03-07,True
294,171,merchant,XOF,478509.88,2025-03-27,True
295,480,savings,XOF,481038.78,2024-01-25,True
296,387,salary,XOF,457220.65,2024-11-25,True
297,361,savings,XOF,198316.03,2024-07-15,True
298,165,merchant,XOF,190330.87,2025-01-09,True
299,184,merchant,XOF,130780.81,2024-06-03,True
300,255,salary,XOF,49304.12,2024-03-02,False
301,241,merchant,XOF,457165.25,2024-12-19,True
302,212,principal,XOF,281262.36,2024-05-08,True
303,75,principal,XOF,130387.05,2024-03-10,False
304,297,salary,XOF,147596.14,2025-02-13,True
305,118,salary,XOF,284894.76,2024-05-02,True
306,282,merchant,XOF,128663.38,2024-07-17,True
307,495,salary,XOF,230414.5,2024-10-24,True
308,181,savings,XOF,69979.26,2024-08-17,True
309,95,principal,XOF,261972.21,2024-10-22,True
310,39,principal,XOF,382169.42,2024-05-31,True
311,432,savings,XOF,33983.97,2024-12-07,True
312,112,salary,XOF,186600.35,2024-08-17,True
313,342,salary,XOF,329642.17,2025-01-22,True
314,273,salary,XOF,5925.48,2024-12-16,True
315,141,merchant,XOF,8571.3,2024-12-22,True
316,346,salary,XOF,403083.85,2025-01-01,False
317,55,principal,XOF,262192.7,2024-10-16,True
318,318,merchant,XOF,407607.2,2024-09-04,True
319,204,principal,XOF,186525.79,2024-04-03,True
320,290,savings,XOF,495116.52,2024-06-25,True
321,351,principal,XOF,326867.86,2024-12-06,True
322,389,principal,XOF,46750.25,2024-05-28,True
323,283,salary,XOF,28057.47,2024-10-29,True
324,88,principal,XOF,249929.2,2024-10-17,True
325,402,merchant,XOF,282928.31,2024-08-26,True
326,49,principal,XOF,114883.25,2024-09-05,False
327,355,salary,XOF,135547.53,2024-08-19,False
328,351,merchant,XOF,449655.83,2024-05-01,True
329,17,savings,XOF,464383.18,2024-07-24,True
330,493,savings,XOF,293518.05,2024-05-27,True
331,365,salary,XOF,464437.47,2025-01-01,True
332,289,savings,XOF,283347.96,2024-06-08,True
333,347,merchant,XOF,191923.11,2025-03-19,True
334,405,principal,XOF,250396.43,2024-05-04,False
335,28,principal,XOF,218544.13,2025-01-19,True
336,175,salary,XOF,484460.26,2024-10-14,True
337,325,merchant,XOF,391774.07,2024-03-06,True
338,117,merchant,XOF,276518.86,2024-05-06,True
339,96,salary,XOF,42847.06,2024-12-07,True
340,409,savings,XOF,356554.27,2024-08-07,True
341,79,salary,XOF,355838.58,2024-03-17,True
342,379,salary,XOF,158339.11,2024-09-12,True
343,3,merchant,XOF,222367.93,2024-12-18,True
344,53,savings,XOF,43648.62,2024-10-15,True
345,286,salary,XOF,51646.46,2024-10-20,True
346,284,principal,XOF,298462.28,2025-03-16,True
347,443,salary,XOF,6170.31,2025-02-02,True
348,399,principal,XOF,362421.92,2024-02-17,True
349,125,savings,XOF,342658.0,2024-01-05,True
350,138,merchant,XOF,134203.4,2024-07-18,True
351,86,salary,XOF,137980.94,2024-02-23,True
352,401,principal,XOF,180562.46,2024-07-21,False
353,370,salary,XOF,296903.2,2024-07-23,True
354,55,savings,XOF,152329.0,2024-07-07,False
355,171,salary,XOF,402038.23,2024-11-09,True
356,172,salary,XOF,407737.74,2025-01-17,True
357,499,savings,XOF,150217.64,2024-09-11,True
358,356,savings,XOF,239504.87,2025-03-20,True
359,204,merchant,XOF,145724.08,2025-03-13,True
360,252,savings,XOF,162943.12,2024-03-09,True
361,403,salary,XOF,182507.77,2025-02-09,False
362,103,savings,XOF,340856.32,2024-07-06,True
363,488,salary,XOF,471487.46,2024-09-19,True
364,409,merchant,XOF,415640.9,2025-02-27,True
365,435,salary,XOF,336488.83,2025-01-25,True
366,156,savings,XOF,126340.84,2024-01-17,True
367,217,salary,XOF,36982.57,2024-01-25,False
368,246,salary,XOF,267183.7,2024-11-27,False
369,446,salary,XOF,271822.6,2024-03-02,True
370,185,principal,XOF,54684.71,2024-06-05,True
371,341,merchant,XOF,83169.25,2024-04-09,True
372,289,salary,XOF,483405.57,2024-05-12,True
373,408,salary,XOF,52972.28,2024-03-15,True
374,114,savings,XOF,222889.28,2024-01-08,True
375,396,savings,XOF,172483.69,2024-11-19,True
376,54,merchant,XOF,207987.71,2024-12-10,False
377,60,savings,XOF,174164.33,2025-02-28,True
378,402,savings,XOF,260557.41,2025-01-18,True
379,50,salary,XOF,360996.97,2024-07-20,True
380,35,merchant,XOF,22341.53,2025-02-19,True
381,12,merchant,XOF,323984.96,2024-08-21,True
382,85,savings,XOF,257996.95,2024-11-07,True
383,170,salary,XOF,479231.31,2024-07-28,True
384,208,savings,XOF,93193.46,2024-08-02,True
385,203,principal,XOF,368694.18,2024-03-03,True
386,231,salary,XOF,194417.89,2024-05-18,True
387,106,merchant,XOF,376162.75,2024-09-13,True
388,33,principal,XOF,399751.18,2025-03-08,True
389,188,merchant,XOF,98537.14,2024-01-07,True
390,344,salary,XOF,263857.51,2024-07-21,True
391,306,salary,XOF,305654.21,2025-02-02,True
392,179,merchant,XOF,422758.9,2024-12-02,True
393,417,merchant,XOF,459341.29,2024-03-16,True
394,345,savings,XOF,156592.87,2024-01-25,True
395,60,savings,XOF,186653.04,2024-04-13,True
396,199,salary,XOF,298212.91,2024-07-09,True
397,217,savings,XOF,243335.11,2024-12-08,True
398,471,savings,XOF,277456.29,2024-03-20,True
399,72,savings,XOF,157290.01,2024-09-21,True
400,28,merchant,XOF,475920.98,2024-08-14,True
401,100,salary,XOF,481914.54,2024-10-20,True
402,254,salary,XOF,342348.34,2024-11-24,True
403,431,salary,XOF,244349.76,2024-09-25,True
404,16,savings,XOF,146044.95,2024-09-20,True
405,276,merchant,XOF,84104.49,2024-08-04,True
406,381,salary,XOF,274863.09,2024-06-04,True
407,59,merchant,XOF,387556.51,2024-10-20,True
408,188,principal,XOF,380002.07,2024-03-13,True
409,112,salary,XOF,51208.22,2025-02-13,True
410,385,savings,XOF,148854.47,2025-01-27,False
411,231,merchant,XOF,174288.49,2024-08-22,True
412,225,principal,XOF,387815.82,2024-10-11,True
413,416,merchant,XOF,430524.35,2025-03-23,True
414,220,savings,XOF,308075.6,2024-10-27,True
415,417,savings,XOF,402720.25,2024-03-02,True
416,273,merchant,XOF,298428.84,2025-03-17,True
417,361,merchant,XOF,144666.62,2024-05-31,True
418,440,principal,XOF,67794.45,2024-11-10,True
419,211,principal,XOF,496243.11,2024-02-16,True
420,65,savings,XOF,124838.62,2024-10-05,True
421,425,savings,XOF,380736.79,2025-02-27,True
422,251,savings,XOF,288712.76,2024-04-27,True
423,213,salary,XOF,225995.86,2024-11-11,True
424,451,principal,XOF,201425.39,2025-03-28,True
425,356,merchant,XOF,227347.82,2024-05-07,True
426,298,principal,XOF,434453.88,2024-11-15,True
427,48,salary,XOF,317420.27,2024-03-30,True
428,436,principal,XOF,397838.96,2025-01-01,True
429,496,salary,XOF,412423.82,2024-12-11,True
430,166,merchant,XOF,168877.58,2024-07-28,True
431,290,salary,XOF,394151.83,2024-07-27,True
432,391,principal,XOF,22971.46,2024-03-20,True
433,429,salary,XOF,8140.68,2024-10-10,False
434,81,salary,XOF,228259.07,2024-03-02,False
435,220,savings,XOF,497847.03,2024-04-13,False
436,452,merchant,XOF,79488.73,2024-10-23,False
437,141,principal,XOF,327293.98,2024-03-31,True
438,191,savings,XOF,25893.64,2024-04-06,True
439,372,savings,XOF,214615.47,2024-11-14,True
440,49,principal,XOF,106710.59,2024-01-15,True
441,304,savings,XOF,259722.13,2025-01-01,True
442,5,merchant,XOF,408554.51,2024-11-26,False
443,217,savings,XOF,238850.12,2024-08-07,True
444,46,principal,XOF,51600.77,2025-01-15,True
445,154,savings,XOF,191360.52,2024-07-05,True
446,448,savings,XOF,320788.07,2024-02-21,True
447,36,principal,XOF,305159.62,2025-01-14,True
448,180,savings,XOF,314040.02,2024-11-13,True
449,211,salary,XOF,429981.26,2024-10-11,True
450,52,savings,XOF,376222.82,2024-08-22,True
451,197,merchant,XOF,481624.36,2024-01-24,True
452,72,savings,XOF,138483.83,2024-07-31,True
453,284,merchant,XOF,389484.83,2024-04-03,True
454,435,merchant,XOF,102722.86,2024-08-10,True
455,97,salary,XOF,147771.03,2024-01-16,True
456,460,savings,XOF,247443.86,2024-12-10,True
457,256,principal,XOF,264143.25,2025-03-13,False
458,185,merchant,XOF,65991.44,2024-12-25,True
459,292,salary,XOF,182706.23,2024-05-08,True
460,391,salary,XOF,477226.49,2024-02-09,True
461,9,principal,XOF,6896.71,2025-02-25,True
462,473,principal,XOF,474340.0,2024-05-07,True
463,147,salary,XOF,211787.62,2024-08-03,True
464,328,savings,XOF,138733.87,2024-06-27,True
465,262,savings,XOF,487156.69,2025-01-11,True
466,168,salary,XOF,293218.58,2024-12-04,True
467,333,principal,XOF,155084.75,2025-01-22,True
468,489,savings,XOF,28952.97,2024-05-19,True
469,223,principal,XOF,226685.92,2024-09-18,True
470,159,savings,XOF,59721.5,2024-06-10,True
471,360,principal,XOF,81916.32,2024-08-23,False
472,268,merchant,XOF,83481.48,2024-04-20,True
473,400,merchant,XOF,366467.92,2024-10-06,True
474,461,principal,XOF,167505.51,2024-02-28,True
475,269,principal,XOF,131474.83,2024-07-01,False
476,322,principal,XOF,248073.78,2025-01-03,True
477,29,salary,XOF,429679.89,2024-11-18,True
478,81,merchant,XOF,386664.48,2024-04-02,True
479,346,principal,XOF,114202.21,2024-09-19,True
480,23,principal,XOF,122275.73,2025-01-10,True
481,197,savings,XOF,89480.47,2024-01-18,False
482,19,salary,XOF,112257.66,2025-03-03,True
483,469,merchant,XOF,135628.98,2024-11-23,True
484,191,principal,XOF,251020.47,2024-09-15,False
485,92,savings,XOF,402169.01,2025-02-27,False
486,489,salary,XOF,34463.22,2024-07-27,True
487,145,merchant,XOF,163650.46,2024-07-17,True
488,5,merchant,XOF,100335.58,2024-03-29,True
489,156,savings,XOF,231963.35,2024-11-04,True
490,253,savings,XOF,366231.67,2025-02-23,True
491,408,savings,XOF,75283.19,2024-05-24,False
492,13,savings,XOF,270772.6,2024-03-25,True
493,356,principal,XOF,475495.13,2024-04-29,True
494,337,salary,XOF,424502.99,2024-07-25,True
495,54,savings,XOF,264907.24,2025-02-04,True
496,252,principal,XOF,486279.62,2025-03-05,True
497,144,principal,XOF,21950.13,2024-02-25,True
498,433,salary,XOF,350423.45,2025-01-07,True
499,499,principal,XOF,290385.31,2025-03-10,True
500,327,salary,XOF,37415.24,2024-09-23,True
501,223,savings,XOF,118385.87,2024-12-16,True
502,162,salary,XOF,350362.8,2024-03-28,True
503,163,salary,XOF,135977.94,2025-02-28,True
504,104,savings,XOF,389968.49,2024-07-28,True
505,80,principal,XOF,82187.49,2024-10-17,True
506,209,principal,XOF,267962.27,2024-09-25,False
507,107,salary,XOF,154153.86,2024-02-25,True
508,62,principal,XOF,78807.69,2024-05-05,True
509,424,principal,XOF,107510.39,2024-12-30,True
510,76,principal,XOF,355578.7,2024-02-16,False
511,203,principal,XOF,338591.69,2024-04-29,True
512,90,principal,XOF,476048.3,2024-05-06,True
513,285,savings,XOF,47362.64,2024-04-15,True
514,407,savings,XOF,60726.63,2024-10-26,True
515,400,savings,XOF,65357.62,2025-01-11,True
516,191,principal,XOF,291161.9,2025-03-02,True
517,417,principal,XOF,10900.09,2024-01-22,True
518,463,salary,XOF,404649.33,2024-06-18,True
519,434,merchant,XOF,61263.83,2024-01-19,False
520,26,savings,XOF,462065.86,2024-03-31,True
521,371,salary,XOF,248063.2,2024-08-03,True
522,219,savings,XOF,176971.63,2024-09-15,False
523,141,merchant,XOF,223005.72,2024-03-10,True
524,315,savings,XOF,323639.2,2024-12-13,True
525,452,salary,XOF,30489.53,2024-08-22,True
526,71,salary,XOF,99728.9,2025-01-17,True
527,270,savings,XOF,315377.19,2024-11-08,True
528,407,principal,XOF,494701.81,2025-02-18,True
529,184,salary,XOF,272258.9,2024-10-15,True
530,468,merchant,XOF,194190.64,2025-01-01,True
531,164,savings,XOF,14651.73,2024-01-31,True
532,144,principal,XOF,404326.94,2025-02-20,True
533,184,savings,XOF,486989.93,2024-09-18,True
534,337,savings,XOF,133263.5,2024-04-09,True
535,470,principal,XOF,382024.86,2024-01-01,False
536,295,salary,XOF,177402.32,2024-04-21,True
537,433,savings,XOF,88050.18,2024-11-12,True
538,413,merchant,XOF,456990.0,2024-04-17,True
539,359,merchant,XOF,473779.37,2024-11-21,True
540,289,savings,XOF,418348.42,2024-08-07,True
541,497,salary,XOF,271062.3,2024-07-13,True
542,20,principal,XOF,28083.99,2025-03-06,True
543,11,salary,XOF,341.75,2024-04-15,False
544,104,savings,XOF,170379.52,2024-02-03,True
545,411,merchant,XOF,29777.98,2025-01-31,True
546,361,savings,XOF,387183.25,2024-07-17,True
547,441,merchant,XOF,480279.38,2025-01-09,True
548,483,salary,XOF,293008.33,2024-01-30,True
549,166,savings,XOF,487930.34,2024-10-30,True
550,224,salary,XOF,324590.13,2024-05-04,True
551,496,merchant,XOF,111618.61,2024-07-31,True
552,90,salary,XOF,153411.61,2024-05-04,True
553,66,savings,XOF,364415.48,2024-08-11,False
554,486,salary,XOF,425378.48,2024-04-21,True
555,291,principal,XOF,91040.88,2024-08-06,True
556,415,savings,XOF,319823.39,2024-08-13,True
557,255,savings,XOF,165584.21,2024-06-12,True
558,178,merchant,XOF,83943.71,2024-12-29,True
559,46,merchant,XOF,223314.97,2025-01-18,True
560,128,principal,XOF,175240.58,2025-02-10,True
561,369,principal,XOF,24073.73,2024-07-29,True
562,215,savings,XOF,442276.0,2025-03-11,True
563,194,merchant,XOF,273011.98,2024-06-03,True
564,246,savings,XOF,81328.26,2025-03-19,True
565,434,principal,XOF,147454.31,2024-12-28,True
566,488,principal,XOF,37100.2,2024-01-30,True
567,193,savings,XOF,365992.54,2024-03-27,True
568,460,principal,XOF,168975.29,2024-12-24,False
569,458,salary,XOF,352252.32,2024-11-25,True
570,335,savings,XOF,303658.81,2025-01-05,True
571,28,principal,XOF,165547.29,2024-10-20,False
572,210,merchant,XOF,330298.95,2024-08-15,True
573,50,principal,XOF,196451.11,2024-03-23,True
574,252,savings,XOF,27252.43,2024-08-16,True
575,45,merchant,XOF,411948.65,2024-08-19,True
576,246,savings,XOF,48493.45,2024-07-26,True
577,327,merchant,XOF,488528.85,2024-04-13,True
578,60,merchant,XOF,392438.29,2024-02-16,True
579,459,merchant,XOF,45568.44,2024-08-03,True
580,95,merchant,XOF,442746.35,2024-06-17,True
581,229,principal,XOF,131647.98,2024-03-07,True
582,116,merchant,XOF,282123.29,2024-12-03,True
583,357,principal,XOF,42853.66,2024-07-01,True
584,278,salary,XOF,485352.77,2024-12-23,True
585,284,principal,XOF,420398.58,2024-04-19,True
586,215,salary,XOF,286357.15,2024-01-22,True
587,154,principal,XOF,197402.18,2024-08-22,True
588,18,savings,XOF,60140.94,2024-03-29,True
589,89,savings,XOF,486082.44,2024-04-05,True
590,65,principal,XOF,211687.45,2024-11-26,False
591,223,savings,XOF,498634.61,2024-04-01,True
592,428,merchant,XOF,159874.74,2024-08-17,True
593,414,principal,XOF,43513.72,2024-01-23,True
594,283,merchant,XOF,428312.09,2024-09-09,True
595,470,principal,XOF,393275.32,2024-02-25,True
596,268,salary,XOF,56259.42,2025-02-27,True
597,291,principal,XOF,462464.08,2024-01-02,True
598,52,merchant,XOF,433737.63,2024-07-08,True
599,450,salary,XOF,132068.32,2024-05-28,True
600,293,salary,XOF,18732.84,2025-01-26,True
601,74,salary,XOF,19391.27,2025-01-23,True
602,170,savings,XOF,24645.49,2025-02-06,True
603,138,merchant,XOF,10116.44,2024-12-31,True
604,156,merchant,XOF,140173.33,2024-01-18,True
605,357,principal,XOF,486248.32,2024-02-09,True
606,154,salary,XOF,387015.45,2024-05-31,True
607,374,salary,XOF,302489.57,2025-03-27,True
608,227,savings,XOF,456716.4,2024-01-07,True
609,249,merchant,XOF,410508.7,2025-01-21,True
610,82,principal,XOF,155561.55,2024-05-25,True
611,70,principal,XOF,86868.68,2025-01-15,True
612,103,principal,XOF,124745.13,2024-04-03,True
613,471,merchant,XOF,352316.97,2025-03-19,True
614,422,salary,XOF,252563.19,2025-01-05,True
615,64,principal,XOF,120969.05,2024-10-29,True
616,229,savings,XOF,480260.19,2024-02-07,True
617,283,merchant,XOF,172124.5,2025-02-26,True
618,133,principal,XOF,142534.69,2024-06-01,True
619,84,savings,XOF,428555.59,2024-07-25,True
620,347,savings,XOF,134541.79,2024-05-31,True
621,11,principal,XOF,237048.6,2024-04-10,True
622,89,principal,XOF,111885.02,2024-01-31,True
623,483,merchant,XOF,356370.24,2024-03-11,True
624,141,salary,XOF,447741.49,2025-03-07,True
625,236,merchant,XOF,109104.53,2024-10-17,True
626,267,salary,XOF,292243.58,2025-03-23,True
627,340,merchant,XOF,280728.56,2024-08-16,True
628,145,merchant,XOF,342206.57,2024-01-08,True
629,173,merchant,XOF,320297.37,2024-11-16,True
630,134,merchant,XOF,94180.04,2024-01-13,True
631,124,principal,XOF,402714.91,2024-10-24,True
632,308,salary,XOF,330265.16,2024-12-04,True
633,370,principal,XOF,327700.29,2024-03-11,False
634,133,salary,XOF,202299.45,2025-03-09,True
635,299,savings,XOF,171583.52,2024-11-06,True
636,352,salary,XOF,453263.25,2024-04-25,True
637,260,merchant,XOF,422709.62,2024-05-10,True
638,449,savings,XOF,146892.03,2024-01-08,True
639,380,merchant,XOF,362593.32,2024-06-09,True
640,468,savings,XOF,473461.69,2024-05-10,True
641,336,principal,XOF,111126.76,2025-01-28,True
642,447,merchant,XOF,210236.28,2025-03-09,True
643,191,merchant,XOF,292785.35,2024-07-23,True
644,61,salary,XOF,26838.48,2024-02-12,True
645,298,principal,XOF,236109.84,2024-07-18,True
646,62,salary,XOF,264919.25,2024-12-06,True
647,446,savings,XOF,68682.63,2025-01-18,True
648,210,salary,XOF,71612.08,2025-03-14,True
649,93,principal,XOF,243790.42,2024-05-14,True
650,91,merchant,XOF,317249.48,2024-12-18,True
651,141,savings,XOF,380596.64,2024-01-08,True
652,392,savings,XOF,244788.55,2024-10-02,True
653,46,savings,XOF,307239.87,2024-07-23,True
654,207,salary,XOF,482663.92,2024-01-12,True
655,20,savings,XOF,365329.54,2025-03-29,False
656,457,merchant,XOF,378423.87,2024-07-03,True
657,10,principal,XOF,313343.46,2024-11-10,True
658,356,merchant,XOF,156046.13,2024-07-20,True
659,258,merchant,XOF,83510.09,2024-10-18,True
660,153,merchant,XOF,227963.16,2024-09-20,True
661,269,merchant,XOF,216832.62,2024-03-15,True
662,69,merchant,XOF,498069.46,2024-11-03,True
663,385,savings,XOF,82441.75,2024-11-01,False
664,416,salary,XOF,9562.37,2024-04-26,True
665,68,savings,XOF,367038.31,2024-02-29,True
666,87,principal,XOF,183295.73,2024-03-05,True
667,20,salary,XOF,438272.07,2025-01-22,True
668,274,principal,XOF,296962.03,2024-03-10,True
669,56,principal,XOF,24117.53,2025-02-23,True
670,228,salary,XOF,61797.53,2024-11-07,True
671,360,savings,XOF,102747.46,2024-10-01,True
672,5,merchant,XOF,210435.73,2025-02-27,True
673,267,merchant,XOF,311398.89,2025-03-14,True
674,215,principal,XOF,255792.39,2024-05-20,True
675,145,principal,XOF,392380.03,2024-06-30,True
676,312,savings,XOF,388979.46,2024-03-02,True
677,499,savings,XOF,178960.92,2024-03-06,True
678,83,principal,XOF,274069.38,2024-12-05,False
679,353,salary,XOF,165301.81,2024-03-15,True
680,344,principal,XOF,453440.02,2024-09-28,True
681,343,salary,XOF,74572.25,2024-01-04,True
682,262,principal,XOF,361781.81,2024-02-23,True
683,132,savings,XOF,228375.62,2024-01-23,False
684,136,salary,XOF,25040.1,2024-11-16,True
685,448,principal,XOF,426124.34,2024-03-28,True
686,347,merchant,XOF,212997.6,2024-05-22,True
687,436,principal,XOF,4836.16,2024-07-30,True
688,332,savings,XOF,164330.41,2024-05-21,True
689,490,merchant,XOF,439237.77,2024-11-01,True
690,418,merchant,XOF,91434.71,2024-09-01,True
691,493,salary,XOF,135916.55,2024-02-17,True
692,436,salary,XOF,399949.55,2024-04-06,True
693,409,savings,XOF,56528.28,2024-05-26,True
694,31,savings,XOF,51856.55,2024-01-17,False
695,248,salary,XOF,90630.28,2024-02-22,True
696,184,principal,XOF,431287.89,2024-11-17,True
697,373,savings,XOF,241539.83,2025-01-10,True
698,455,salary,XOF,220343.94,2024-03-15,True
699,336,merchant,XOF,6180.11,2024-11-03,True
700,269,savings,XOF,488947.78,2025-01-24,True
701,174,principal,XOF,216423.95,2025-01-13,True
702,247,merchant,XOF,331855.32,2025-03-23,True
703,77,principal,XOF,5822.43,2024-10-04,False
704,259,salary,XOF,425935.58,2024-09-20,True
705,39,salary,XOF,160316.91,2024-03-14,True
706,143,principal,XOF,253464.67,2024-02-23,True
707,194,salary,XOF,408551.65,2024-05-22,True
708,228,salary,XOF,44009.93,2024-08-02,True
709,162,principal,XOF,490335.37,2024-12-12,True
710,10,principal,XOF,201719.83,2025-03-10,True
711,282,principal,XOF,412954.38,2024-08-19,True
712,494,merchant,XOF,445055.45,2024-12-17,True
713,336,salary,XOF,475177.56,2024-09-09,True
714,28,savings,XOF,422158.72,2024-01-18,True
715,393,salary,XOF,358329.03,2024-01-19,True
716,232,principal,XOF,48718.51,2024-05-05,True
717,2,merchant,XOF,177569.49,2024-07-28,True
718,410,merchant,XOF,273845.29,2024-09-24,True
719,55,principal,XOF,448438.56,2024-11-24,True
720,421,salary,XOF,53480.75,2025-01-18,True
721,97,principal,XOF,465108.13,2024-04-05,True
722,235,savings,XOF,358393.96,2024-09-24,True
723,213,principal,XOF,463313.27,2024-07-15,True
724,302,principal,XOF,386072.59,2024-10-17,True
725,338,savings,XOF,481927.38,2024-03-30,True
726,377,principal,XOF,276613.16,2024-02-05,True
727,300,salary,XOF,462185.44,2024-02-11,True
728,467,savings,XOF,345908.86,2024-10-29,True
729,418,savings,XOF,51776.98,2024-05-31,True
730,311,merchant,XOF,252055.06,2024-10-07,True
731,312,savings,XOF,136797.94,2025-01-21,False
732,497,merchant,XOF,226422.85,2024-03-28,True
733,212,merchant,XOF,421537.22,2024-02-10,True
734,161,savings,XOF,100444.54,2024-09-27,True
735,149,merchant,XOF,460595.88,2024-10-28,True
736,364,savings,XOF,251946.72,2024-03-04,True
737,166,principal,XOF,380387.51,2025-03-11,True
738,299,salary,XOF,337121.74,2024-11-10,True
739,274,merchant,XOF,438738.62,2025-01-30,True
740,7,principal,XOF,12636.07,2024-11-09,True
741,344,principal,XOF,99951.21,2024-01-23,True
742,83,merchant,XOF,341695.16,2024-01-21,True
743,32,merchant,XOF,102000.45,2024-07-17,True
744,184,salary,XOF,51240.0,2025-02-15,True
745,379,savings,XOF,371206.37,2024-05-02,True
746,122,merchant,XOF,346468.04,2025-02-18,True
747,196,salary,XOF,208283.12,2024-08-24,True
748,351,merchant,XOF,482916.61,2024-10-14,True
749,381,merchant,XOF,101543.61,2024-04-11,True
750,441,salary,XOF,414991.74,2024-10-20,False
751,361,merchant,XOF,377553.85,2025-03-09,True
752,309,savings,XOF,388073.37,2024-08-04,False
753,151,salary,XOF,88712.95,2025-01-12,True
754,96,savings,XOF,367539.74,2024-12-22,True
755,21,salary,XOF,139556.12,2024-10-28,True
756,83,merchant,XOF,2822.57,2024-12-23,True
757,480,savings,XOF,19970.29,2024-09-13,False
758,306,principal,XOF,386830.47,2024-10-20,True
759,432,merchant,XOF,245275.47,2024-08-07,True
760,184,principal,XOF,392015.72,2024-09-09,True
761,113,savings,XOF,260303.14,2025-03-03,True
762,82,salary,XOF,271540.08,2024-11-03,True
763,179,savings,XOF,441698.37,2024-11-26,True
764,170,merchant,XOF,146787.18,2024-04-07,False
765,317,salary,XOF,498315.54,2024-04-12,True
766,333,principal,XOF,57360.98,2024-02-20,True
767,124,savings,XOF,479448.41,2024-03-03,True
768,165,salary,XOF,457966.22,2024-06-11,False
769,198,merchant,XOF,270118.66,2024-11-15,True
770,467,merchant,XOF,257154.53,2024-10-15,True
771,250,principal,XOF,148216.98,2025-02-20,True
772,165,principal,XOF,474105.91,2024-01-04,True
773,490,principal,XOF,313466.54,2025-01-15,True
774,323,savings,XOF,432475.43,2024-01-05,True
775,54,savings,XOF,268877.11,2024-03-04,True
776,500,salary,XOF,323280.58,2024-12-02,False
777,383,savings,XOF,11876.47,2024-06-04,True
778,20,principal,XOF,36624.01,2024-08-05,True
779,129,principal,XOF,287481.15,2024-03-06,True
780,133,salary,XOF,194016.3,2024-08-16,True
781,222,merchant,XOF,8445.48,2024-07-24,True
782,274,principal,XOF,320711.37,2025-02-01,True
783,388,principal,XOF,350441.02,2025-02-04,True
784,476,principal,XOF,144918.3,2024-02-23,True
785,311,principal,XOF,140758.72,2024-10-24,False
786,196,salary,XOF,411061.19,2024-04-08,True
787,81,savings,XOF,68190.73,2024-02-04,True
788,409,merchant,XOF,480067.13,2024-07-03,True
789,347,merchant,XOF,478695.82,2024-12-18,True
790,448,savings,XOF,61617.58,2024-07-13,True
791,306,salary,XOF,268576.02,2024-03-20,False
792,157,savings,XOF,374148.29,2024-02-08,False
793,177,savings,XOF,206327.25,2024-10-07,True
794,263,savings,XOF,80477.18,2025-01-13,True
795,428,merchant,XOF,97163.11,2025-01-09,True
796,410,principal,XOF,425693.86,2024-12-25,False
797,282,salary,XOF,322337.26,2024-08-08,True
798,344,principal,XOF,125343.81,2024-05-29,True
799,298,salary,XOF,475769.95,2024-07-07,True
800,344,savings,XOF,50022.53,2024-03-17,True
